{
	"format_version": "1.8.0",
	"animations": {
		"skill": {
			"animation_length": 0.6,
			"bones": {
				"body": {
					"rotation": {
						"0.0": [0, 0, 0],
						"0.15": [12.5, 0, 0],
						"0.2": [15.15, 0.14, 0.45],
						"0.25": [12.5, 0, 0],
						"0.35": [-17.35932, -2.24944, -7.15656],
						"0.4": [-21.05, -2.5, -7.95],
						"0.5": [-16.85932, -2.24944, -7.15656],
						"0.55": [-5.23, -1.12, -3.58],
						"0.6": [0, 0, 0]
					},
					"position": {
						"0.0": [0, 0, 0],
						"0.15": [0, -1, 0],
						"0.2": [0, -1.12, 0],
						"0.25": [0, -1, 0],
						"0.35": [0, 0, 0],
						"0.4": [0, 0.07, 0],
						"0.5": [0, 0, 0],
						"0.6": [0, 0, 0]
					}
				},
				"tail": {
					"rotation": {
						"0.0": [0, 0, 0],
						"0.15": [6.91187, 3.60267, -8.25941],
						"0.25": [-10.02311, 2.91028, -7.35126],
						"0.35": [-45.26766, -15.68244, 5.1993],
						"0.5": [-5.26766, -15.68244, 5.1993],
						"0.6": [0, 0, 0]
					}
				},
				"neck": {
					"rotation": {
						"0.0": [0, 0, 0],
						"0.15": [50, 0, 0],
						"0.25": [50, 0, 0],
						"0.35": [-4.97864, 0.32621, 7.49294],
						"0.5": [-4.97864, 0.32621, 7.49294],
						"0.6": [0, 0, 0]
					}
				},
				"front_left_leg": {
					"rotation": {
						"0.0": [0, 0, 0],
						"0.15": [-4.69, 0, 0],
						"0.4": [-12.5, 0, 0],
						"0.5": [-5, 0, 0],
						"0.6": [0, 0, 0]
					},
					"position": {
						"0.0": [0, 0, 0],
						"0.15": [0, 0, 0],
						"0.25": [0, 0, 0],
						"0.35": [0, 2, 0],
						"0.5": [0, 2, 0],
						"0.6": [0, 0, 0]
					}
				},
				"front_right_leg": {
					"rotation": {
						"0.0": [0, 0, 0],
						"0.15": [-4.69, 0, 0],
						"0.2": [-5.28, 0, 0],
						"0.25": [-4.69, 0, 0],
						"0.35": [0, 0, 0],
						"0.45": [0.34, 0, 0],
						"0.6": [0, 0, 0]
					}
				},
				"back_right_leg": {
					"rotation": {
						"0.0": [0, 0, 0],
						"0.05": [0.95, 0, 0],
						"0.1": [2.5, 0, 0],
						"0.2": [2.8, 0, 0],
						"0.25": [2.5, 0, 0],
						"0.35": [-0.6, 0, 0],
						"0.4": [-1.07, 0, 0],
						"0.5": [-0.3, 0, 0],
						"0.6": [0, 0, 0]
					}
				},
				"back_left_leg": {
					"rotation": {
						"0.0": [0, 0, 0],
						"0.15": [-1.23, -0.11, 0.34],
						"0.2": [0, 0, 0],
						"0.3": [17.43745, 1.50179, -4.76968],
						"0.35": [19.62, 1.69, -5.37],
						"0.4": [17.43745, 1.50179, -4.76968],
						"0.6": [0, 0, 0]
					},
					"position": {
						"0.0": [0, 0, 0],
						"0.15": [0, 0.04, 0],
						"0.2": [0, 0, 0],
						"0.3": [0, -0.5, 0],
						"0.4": [0, -0.5, 0],
						"0.5": [0, 0.1, 0],
						"0.6": [0, 0, 0]
					}
				}
			}
		},
		"idle": {
			"loop": true,
			"animation_length": 4,
			"bones": {
				"tail": {
					"rotation": {
						"0.0": [0, 0, 0],
						"0.5": [-3.5, 0, 0],
						"0.95": [-6.5, 0, 0],
						"1.2": [20.5, 0, 0],
						"1.3": [22.9, 0, 0],
						"1.5": [-6.5, 0, 0],
						"1.6": [-4.1, 0, 0],
						"1.7": [25.5, 0, 0],
						"1.8": [27.9, 0, 0],
						"2.0": [-7.5, 0, 0],
						"2.1": [-5.1, 0, 0],
						"2.25": [9, 0, 0],
						"2.35": [11.4, 0, 0],
						"2.5": [0, 0, 0],
						"2.8": [-3.5, 0, 0],
						"3.45": [1.5, 0, 0],
						"4.0": [0, 0, 0]
					}
				},
				"neck": {
					"rotation": {
						"0.0": [0, 0, 0],
						"0.55": [0.76041, 0, 0],
						"1.0": [1, 0, 0],
						"1.4": [0.80902, 0, 0],
						"2.5": [-0.70711, 0, 0],
						"3.0": [-1, 0, 0],
						"3.35": [-0.85264, 0, 0],
						"4.0": [0, 0, 0]
					}
				}
			}
		},
		"walk": {
			"loop": true,
			"animation_length": 2,
			"bones": {
				"body": {
					"rotation": {
						"0.0": [-0.5, 0, 0.4],
						"0.15": [0.97815, 0, -0.2],
						"0.4": [-0.97815, 0, -0.8],
						"0.7": [0.61355, 0, 0.2],
						"0.9": [-0.97815, 0, 0.9],
						"1.15": [0.97815, 0, -0.2],
						"1.4": [-0.97815, 0, -0.8],
						"1.65": [0.57815, 0, 0.2],
						"1.9": [-0.97815, 0, 0.9],
						"2.0": [-0.5, 0, 0.4]
					},
					"position": {
						"0.0": [0, 0, 0],
						"0.3": [0, -0.1, 0],
						"0.65": [0, 0, 0],
						"1.0": [0, -0.1, 0],
						"1.35": [0, 0, 0],
						"1.7": [0, -0.1, 0],
						"2.0": [0, 0, 0]
					}
				},
				"tail": {
					"rotation": {
						"0.0": [-7, 0, 0],
						"0.25": [-13, 0, 0],
						"0.5": [-7, 0, 0],
						"0.75": [-13, 0, 0],
						"1.0": [-7, 0, 0],
						"1.25": [-13, 0, 0],
						"1.5": [-7, 0, 0],
						"1.75": [-13, 0, 0],
						"2.0": [-7, 0, 0]
					}
				},
				"neck": {
					"rotation": {
						"0.0": [0.5, 0, 0],
						"0.2": [1.02185, 0, 0],
						"0.4": [-0.02185, 0, 0],
						"0.65": [0.42185, 0, 0],
						"0.9": [-0.02185, 0, 0],
						"1.15": [0.92185, 0, 0],
						"1.4": [0.17815, 0, 0],
						"1.65": [0.42185, 0, 0],
						"1.85": [-0.02185, 0, 0],
						"2.0": [0.5, 0, 0]
					}
				},
				"front_left_leg": {
					"rotation": {
						"0.0": [-5, 0, 0],
						"0.2": [-9.78148, 0, 0],
						"0.4": [-1.04528, 0, 0],
						"0.6": [18.27091, 0, 0],
						"0.7": [19, 0, 0],
						"0.95": [-2.07912, 0, 0],
						"1.2": [-9.78148, 0, 0],
						"1.4": [-1.04528, 0, 0],
						"1.6": [18.27091, 0, 0],
						"1.7": [19, 0, 0],
						"1.9": [2.09057, 0, 0],
						"2.0": [-5, 0, 0]
					},
					"position": {
						"0.0": [0, 0.86603, 0],
						"0.2": [0, 0, 0],
						"0.65": [0, 0, 0],
						"0.85": [0, 0.91355, 0],
						"1.0": [0, 0.86603, 0],
						"1.15": [0, 0.10453, 0],
						"1.7": [0, 0.20791, 0],
						"1.85": [0, 0.91355, 0],
						"2.0": [0, 0.86603, 0]
					}
				},
				"front_right_leg": {
					"rotation": {
						"0.0": [10, 0, 0],
						"0.1": [18.27091, 0, 0],
						"0.2": [19, 0, 0],
						"0.4": [2.09057, 0, 0],
						"0.7": [-9.78148, 0, 0],
						"0.9": [-1.04528, 0, 0],
						"1.1": [18.27091, 0, 0],
						"1.2": [19, 0, 0],
						"1.45": [-2.07912, 0, 0],
						"1.7": [-9.78148, 0, 0],
						"1.9": [-1.04528, 0, 0],
						"2.0": [10, 0, 0]
					},
					"position": {
						"0.0": [0, 0, 0],
						"0.2": [0, 0.20791, 0],
						"0.35": [0, 0.91355, 0],
						"0.45": [0, 0.95, 0],
						"0.65": [0, 0.10453, 0],
						"1.15": [0, 0, 0],
						"1.35": [0, 0.91355, 0],
						"1.45": [0, 0.95, 0],
						"1.65": [0, 0.10453, 0],
						"2.0": [0, 0, 0]
					}
				},
				"back_right_leg": {
					"rotation": {
						"0.0": [-5, 0, 0],
						"0.15": [-9.94522, 0, 0],
						"0.4": [-1.04528, 0, 0],
						"0.6": [18.27091, 0, 0],
						"0.7": [19, 0, 0],
						"0.9": [2.09057, 0, 0],
						"1.15": [-9.94522, 0, 0],
						"1.4": [-1.04528, 0, 0],
						"1.6": [18.27091, 0, 0],
						"1.7": [19, 0, 0],
						"1.9": [2.09057, 0, 0],
						"2.0": [-5, 0, 0]
					},
					"position": {
						"0.0": [0, 0.86603, 0.2],
						"0.2": [0, 0.10453, 0],
						"0.65": [0, 0, 0.4],
						"0.85": [0, 0.91355, 0.2],
						"1.0": [0, 0.86603, 0.2],
						"1.2": [0, 0.10453, 0],
						"1.65": [0, 0, 0.4],
						"1.85": [0, 0.91355, 0.2],
						"2.0": [0, 0.86603, 0.2]
					}
				},
				"back_left_leg": {
					"rotation": {
						"0.0": [10, 0, 0],
						"0.1": [18.27091, 0, 0],
						"0.2": [19, 0, 0],
						"0.4": [2.09057, 0, 0],
						"0.65": [-9.94522, 0, 0],
						"0.9": [-1.04528, 0, 0],
						"1.1": [18.27091, 0, 0],
						"1.2": [19, 0, 0],
						"1.4": [2.09057, 0, 0],
						"1.65": [-9.94522, 0, 0],
						"1.9": [-1.04528, 0, 0],
						"2.0": [10, 0, 0]
					},
					"position": {
						"0.0": [0, 0, 0.4],
						"0.15": [0, 0, 0.4],
						"0.35": [0, 0.91355, 0.2],
						"0.5": [0, 0.86603, 0.2],
						"0.65": [0, 0.10453, 0],
						"1.15": [0, 0, 0.4],
						"1.35": [0, 0.91355, 0.2],
						"1.5": [0, 0.86603, 0.2],
						"1.7": [0, 0.10453, 0],
						"2.0": [0, 0, 0.4]
					}
				}
			}
		},
		"fall": {
			"loop": true,
			"animation_length": 2,
			"bones": {
				"corps": {
					"rotation": {
						"0.0": [1, 0, 0],
						"0.1": [1.9563, 0, 0],
						"0.2": [0.20906, 0, 0],
						"0.35": [-1.9563, 0, 0],
						"0.45": [-0.20906, 0, 0],
						"0.6": [-0.0437, 0, 0],
						"0.7": [-1.79094, 0, 0],
						"0.85": [-1.9563, 0, 0],
						"0.95": [-0.20906, 0, 0],
						"1.1": [1.9563, 0, 0],
						"1.2": [0.20906, 0, 0],