{
	"format_version": "1.8.0",
	"animations": {
		"idle": {
			"loop": true,
			"animation_length": 1,
			"bones": {
				"torso": {
					"rotation": {
						"0.0": {
							"vector": [0, 0, 0]
						},
						"0.25": {
							"vector": [-2.5, 0, 0]
						},
						"0.75": {
							"vector": [3.33, 0, 0]
						},
						"1.0": {
							"vector": [0, 0, 0]
						}
					},
					"position": {
						"0.0": {
							"vector": [0, 0, 0]
						},
						"0.5": {
							"vector": [0, -0.5, 0]
						},
						"1.0": {
							"vector": [0, 0, 0]
						}
					}
				},
				"foot_left": {
					"rotation": {
						"0.0": {
							"vector": [0, -25, 0]
						},
						"1.0": {
							"vector": [0, -25, 0]
						}
					},
					"position": {
						"0.0": {
							"vector": [0, 0, 0]
						},
						"1.0": {
							"vector": [0, 0, 0]
						}
					}
				},
				"foot_right": {
					"rotation": {
						"0.0": {
							"vector": [0, 25, 0]
						},
						"1.0": {
							"vector": [0, 25, 0]
						}
					},
					"position": {
						"0.0": {
							"vector": [0, 0, 0]
						},
						"1.0": {
							"vector": [0, 0, 0]
						}
					}
				},
				"arm_left": {
					"rotation": {
						"0.0": {
							"vector": [155.35298, 23.02572, 157.75125]
						},
						"0.3": {
							"vector": [156.34681, 24.04871, 160.23946]
						},
						"0.8": {
							"vector": [154.72808, 22.31816, 156.11797]
						},
						"1.0": {
							"vector": [155.35298, 23.02572, 157.75125]
						}
					},
					"position": {
						"0.0": {
							"vector": [-1, -0.75, -2.5]
						},
						"1.0": {
							"vector": [-1, -0.75, -2.5]
						}
					}
				},
				"arm_right": {
					"rotation": {
						"0.0": {
							"vector": [155.35298, -23.02572, -157.75125]
						},
						"0.3": {
							"vector": [156.34681, -24.04871, -160.23946]
						},
						"0.8": {
							"vector": [154.72808, -22.31816, -156.11797]
						},
						"1.0": {
							"vector": [155.35298, -23.02572, -157.75125]
						}
					},
					"position": {
						"0.0": {
							"vector": [1, -0.75, -2.5]
						},
						"1.0": {
							"vector": [1, -0.75, -2.5]
						}
					}
				},
				"ear_left": {
					"rotation": {
						"0.0": {
							"vector": [-7.5, -7.5, 25]
						},
						"0.3": {
							"vector": [-1.81895, -8.12356, 19.99251]
						},
						"0.75": {
							"vector": [-11.55549, -6.69632, 30.81513]
						},
						"1.0": {
							"vector": [-7.5, -7.5, 25]
						}
					}
				},
				"ear_right": {
					"rotation": {
						"0.0": {
							"vector": [-7.5, 7.5, -25]
						},
						"0.3": {
							"vector": [-1.81895, 8.12356, -19.99251]
						},
						"0.75": {
							"vector": [-11.55549, 6.69632, -30.81513]
						},
						"1.0": {
							"vector": [-7.5, 7.5, -25]
						}
					}
				},
				"root": {
					"rotation": {
						"0.0": {
							"vector": [0, 0, 0]
						},
						"1.0": {
							"vector": [0, 0, 0]
						}
					},
					"position": {
						"0.0": {
							"vector": [0, 0, 0]
						},
						"1.0": {
							"vector": [0, 0, 0]
						}
					}
				}
			}
		},
		"walk": {
			"loop": true,
			"animation_length": 0.7,
			"bones": {
				"torso": {
					"rotation": {
						"0.0": {
							"vector": [-5, -12.5, 0]
						},
						"0.1": {
							"vector": [5, -5.72157, 0]
						},
						"0.35": {
							"vector": [-5, 12.5, 0]
						},
						"0.45": {
							"vector": [6.35569, 3.49801, 0]
						},
						"0.7": {
							"vector": [-5, -12.5, 0]
						}
					},
					"position": {
						"0.0": {
							"vector": [0, 0, 0]
						},
						"0.2": {
							"vector": [0, 1, 0]
						},
						"0.35": {
							"vector": [0, 0, 0]
						},
						"0.5": {
							"vector": [0, 0.93, 0]
						},
						"0.7": {
							"vector": [0, 0, 0]
						}
					}
				},
				"foot_left": {
					"rotation": {
						"0.0": {
							"vector": [0, -25, 0]
						},
						"0.1": {
							"vector": [31.9, -19.67469, 0]
						},
						"0.25": {
							"vector": [-25, -10.45918, 0]
						},
						"0.35": {
							"vector": [0, -7.5, 0]
						},
						"0.7": {
							"vector": [0, -25, 0]
						}
					},
					"position": {
						"0.0": {
							"vector": [-1, 0, 3]
						},
						"0.2": {
							"vector": [-1, 2, -0.94]
						},
						"0.35": {
							"vector": [-1, 0, -4]
						},
						"0.7": {
							"vector": [-1, 0, 3]
						}
					}
				},
				"foot_right": {
					"rotation": {
						"0.0": {
							"vector": [0, 7.5, 0]
						},
						"0.35": {
							"vector": [0, 25, 0]
						},
						"0.45": {
							"vector": [35.46, 21.69184, 0]
						},
						"0.6": {
							"vector": [-22.5, 12.2449, 0]
						},
						"0.7": {
							"vector": [0, 7.5, 0]
						}
					},
					"position": {
						"0.0": {
							"vector": [1, 0, -4]
						},
						"0.35": {
							"vector": [1, 0, 3]
						},
						"0.5": {
							"vector": [1, 2, -0.06]
						},
						"0.7": {
							"vector": [1, 0, -4]
						}
					}
				},
				"arm_left": {
					"rotation": {
						"0.0": {
							"vector": [49.12103, 65.79707, 55.24356]
						},
						"0.35": {
							"vector": [-15.77241, -45.41054, 21.63402]
						},
						"0.7": {
							"vector": [49.12103, 65.79707, 55.24356]
						}
					},
					"position": {
						"0.0": {
							"vector": [0, 0, -2]
						},
						"0.35": {
							"vector": [0, 0, 4]
						},
						"0.7": {
							"vector": [0, 0, -2]
						}
					}
				},
				"arm_right": {
					"rotation": {
						"0.0": {
							"vector": [-15.77241, 45.41054, -21.63402]
						},
						"0.35": {
							"vector": [49.12103, -65.79707, -55.24356]
						},
						"0.7": {
							"vector": [-15.77241, 45.41054, -21.63402]
						}
					},
					"position": {
						"0.0": {
							"vector": [0, 0, 4]
						},
						"0.35": {
							"vector": [0, 0, -2]
						},
						"0.7": {
							"vector": [0, 0, 4]
						}
					}
				},
				"ear_left": {
					"rotation": {
						"0.0": {
							"vector": [-7.5, -7.5, 25]
						},
						"0.1": {
							"vector": [-14.59955, -4.49625, 44.88546]
						},
						"0.25": {
							"vector": [5.76226, -7.87157, 20.55169]
						},
						"0.35": {
							"vector": [-20, -7.5, 25]
						},
						"0.45": {
							"vector": [-27.09955, -4.49625, 44.88546]
						},
						"0.6": {
							"vector": [-1.73774, -7.87157, 20.55169]
						},
						"0.7": {
							"vector": [-7.5, -7.5, 25]
						}
					}
				},
				"ear_right": {
					"rotation": {
						"0.0": {
							"vector": [-20, 7.5, -25]
						},
						"0.1": {
							"vector": [-27.09955, 4.49625, -44.88546]
						},
						"0.25": {
							"vector": [-1.73774, 7.87157, -20.55169]
						},
						"0.35": {
							"vector": [-7.5, 7.5, -25]
						},
						"0.45": {
							"vector": [-14.59955, 4.49625, -44.88546]
						},
						"0.6": {
							"vector": [5.76226, 7.87157, -20.55169]
						},
						"0.7": {
							"vector": [-20, 7.5, -25]
						}
					}
				},
				"root": {
					"rotation": {
						"0.0": {
							"vector": [0, 0, 0]
						},
						"0.35": {
							"vector": [0, 0, 0]
						},
						"0.7": {
							"vector": [0, 0, 0]
						}
					},
					"position": {
						"0.0": {
							"vector": [0, 0, 0]
						},
						"0.35": {
							"vector": [0, 0, 0]
						},
						"0.7": {
							"vector": [0, 0, 0]
						}
					}
				}
			}
		},
		"swim": {
			"loop": true,
			"animation_length": 0.9,
			"bones": {
				"torso": {
					"rotation": {
						"0.0": {
							"vector": [5, 0, 0]
						},
						"0.1": {
							"vector": [6.29, 0, 0]
						},
						"0.35": {
							"vector": [0, 0, 0]
						},
						"0.65": {
							"vector": [0, 0, 0]
						},
						"0.9": {
							"vector": [5, 0, 0]
						}
					},
					"position": {
						"0.0": {
							"vector": [0, 0, 0]
						},
						"0.9": {
							"vector": [0, 0, 0]
						}
					}
				},
				"foot_left": {
					"rotation": {
						"0.0": {
							"vector": [62.5, -25, 0]
						},
						"0.3": {
							"vector": [83.47859, -25, 0]
						},
						"0.55": {
							"vector": [0, -25, 0]
						},
						"0.9": {
							"vector": [62.5, -25, 0]
						}
					},