{
	"format_version": "1.8.0",
	"animations": {
		"idle": {
			"loop": true,
			"animation_length": 2.36,
			"bones": {
				"book": {
					"position": {
						"0.0": {
							"vector": [0, 0, 0]
						},
						"0.04": {
							"vector": [0, 0.01298, 0]
						},
						"0.4": {
							"vector": [0, 0.20021, 0]
						},
						"0.64": {
							"vector": [0, 0.21851, 0]
						},
						"0.76": {
							"vector": [0, 0.15699, 0]
						},
						"0.8": {
							"vector": [0, 0.11879, 0]
						},
						"0.84": {
							"vector": [0, 0.06785, 0]
						},
						"0.88": {
							"vector": [0, 0, 0]
						},
						"0.92": {
							"vector": [0, -0.08232, 0]
						},
						"1.08": {
							"vector": [0, -0.45111, 0]
						},
						"1.12": {
							"vector": [0, -0.5341, 0]
						},
						"1.16": {
							"vector": [0, -0.60634, 0]
						},
						"1.2": {
							"vector": [0, -0.66668, 0]
						},
						"1.24": {
							"vector": [0, -0.71528, 0]
						},
						"1.44": {
							"vector": [0, -0.81873, 0]
						},
						"1.92": {
							"vector": [0, -0.6, 0]
						},
						"1.96": {
							"vector": [0, -0.54792, 0]
						},
						"2.2": {
							"vector": [0, -0.2013, 0]
						},
						"2.28": {
							"vector": [0, -0.05506, 0]
						},
						"2.32": {
							"vector": [0, -0.01508, 0]
						},
						"2.36": {
							"vector": [0, 0, 0]
						}
					}
				},
				"group": {
					"rotation": {
						"0.0": {
							"vector": [0, 0, 0]
						},
						"0.04": {
							"vector": [0, 0, 0.10993]
						},
						"0.56": {
							"vector": [0, 0, 3.9292]
						},
						"0.96": {
							"vector": [0, 0, 8]
						},
						"1.0": {
							"vector": [0, 0, 8.41654]
						},
						"1.04": {
							"vector": [0, 0, 8.70731]
						},
						"1.24": {
							"vector": [0, 0, 8.79299]
						},
						"1.76": {
							"vector": [0, 0, 3.33761]
						},
						"1.92": {
							"vector": [0, 0, 1]
						},
						"1.96": {
							"vector": [0, 0, 0.49944]
						},
						"2.12": {
							"vector": [0, 0, -0.52732]
						},
						"2.32": {
							"vector": [0, 0, -0.0722]
						},
						"2.36": {
							"vector": [0, 0, 0]
						}
					}
				},
				"group2": {
					"rotation": {
						"0.0": {
							"vector": [0, 0, 0]
						},
						"0.04": {
							"vector": [0, 0, -0.10993]
						},
						"0.56": {
							"vector": [0, 0, -3.9292]
						},
						"0.96": {
							"vector": [0, 0, -8]
						},
						"1.0": {
							"vector": [0, 0, -8.41654]
						},
						"1.04": {
							"vector": [0, 0, -8.70731]
						},
						"1.24": {
							"vector": [0, 0, -8.79299]
						},
						"1.76": {
							"vector": [0, 0, -3.33761]
						},
						"1.92": {
							"vector": [0, 0, -1]
						},
						"1.96": {
							"vector": [0, 0, -0.49944]
						},
						"2.12": {
							"vector": [0, 0, 0.52732]
						},
						"2.32": {
							"vector": [0, 0, 0.0722]
						},
						"2.36": {
							"vector": [0, 0, 0]
						}
					}
				}
			}
		}
	},
	"geckolib_format_version": 2
}